Epochs,d1,d2,d3,Activity 1,MSE,Activity 2,MSE,Activity 3,MSE,Activity 4,MSE,Activity 5,MSE,Activity 6,MSE,Activity 7,MSE,Activity 8,MSE,overall average,MSE
1,4n,10,10,66.719985667101,52.47352453782155,3.478411667949676,124.3431831748203,8.911078503670616,186.98519723822022,10.269835110074698,232.47255010454825,12.28631317434608,455.04328832996725,3.8976533707796532,500.28618867828857,46.41697839914431,522.5028676346441,0,0,18.997531986633255,259.26334996228877
